Name,AddressLine,City,State/Province,Country
Busch Gardens Tampa Bay,"Busch Gardens Tampa Bay, Tampa, Florida, USA",Tampa,Florida,USA
Busch Gardens Williamsburg,"Busch Gardens Williamsburg, Williamsburg, Virginia, USA",Williamsburg,Virginia,USA
SeaWorld Abu Dhabi,"SeaWorld Abu Dhabi, Yas Island, Abu Dhabi, United Arab Emirates",Yas Island,Abu Dhabi,United Arab Emirates
SeaWorld Orlando,"SeaWorld Orlando, Orlando, Florida, USA",Orlando,Florida,USA
SeaWorld San Antonio,"SeaWorld San Antonio, San Antonio, Texas, USA",San Antonio,Texas,USA
SeaWorld San Diego,"SeaWorld San Diego, San Diego, California, USA",San Diego,California,USA
Sesame Place Philadelphia,"Sesame Place Philadelphia, Langhorne, Pennsylvania, USA",Langhorne,Pennsylvania,USA
Sesame Place San Diego,"Sesame Place San Diego, San Diego, California, USA",San Diego,California,USA
Boardwalk and Baseball,"Boardwalk and Baseball, Haines City, Florida, USA",Haines City,Florida,USA
Busch Gardens Houston,"Busch Gardens Houston, Houston, Texas, USA",Houston,Texas,USA
Busch Gardens Los Angeles,"Busch Gardens Los Angeles, Los Angeles, California, USA",Los Angeles,California,USA
Cypress Gardens,"Cypress Gardens, Winter Haven, Florida, USA",Winter Haven,Florida,USA
Pasadena's Busch Gardens,"Pasadena's Busch Gardens, Pasadena, California, USA",Pasadena,California,USA
Port Aventura,"Port Aventura, Salou, Spain",Salou,,Spain
SeaWorld Ohio,"SeaWorld Ohio, Aurora, Ohio, USA",Aurora,Ohio,USA
Sesame Place,"Sesame Place, Irving, Texas, USA",Irving,Texas,USA