Title,Website URL,Address,Visit Website URL
SC2 Rhyl,https://ninjatag-rhyl.co.uk/,"SC2, West Parade, RHYL, Denbighshire, LL18 1BF. UK",https://ninjatag-rhyl.co.uk/
Flipout Basingstoke,https://www.flipout.co.uk/view/flip-out-basingstoke,"Festival Place, Church St, Basingstoke RG21 7QU. UK",https://www.flipout.co.uk/view/flip-out-basingstoke
NCCC Mall Tagum,https://www.facebook.com/PlayPlanetPH/?_rdc=1&_rdr,"NCCC Mall of Tagum Building, AH26, Tagum, Davao del Norte, Philippines",https://www.facebook.com/PlayPlanetPH/?_rdc=1&_rdr
Launch Grand Rapids,https://launchtrampolinepark.com/grandrapids/,"3681 28th Street SE Grand Rapids, MI 49512. USA",https://launchtrampolinepark.com/grandrapids/
Touch Active Games,https://touchactive.games/,Centre Commercial Pontault-Combault – RN 4 – 77340. France,https://touchactive.games/
Tag X,https://www.yeahdaysout.co.uk/tagx,"Batley Sports & Tennis Centre, Windmill Lane, Birstall, Batley, WF17 0QD. UK",https://www.yeahdaysout.co.uk/tagx
Flipout Doncaster,https://www.flipout.co.uk/view/flip-out-doncaster,Frenchgate Shopping Centre St Sepulchre Gate Doncaster DN1 1SW. UK,https://www.flipout.co.uk/view/flip-out-doncaster
Vaunce Jukjeon,http://www.vaunce.co.kr/,"Gyeonggi-do, Yongin-si, Cheoin-gu, Mohyeon-myeon, Osalro, South Korea",http://www.vaunce.co.kr/
Launch Novi,https://launchtrampolinepark.com/novi/,"44255 W 12 Mile Rd Novi, MI 48377. USA",https://launchtrampolinepark.com/novi/
Ninja Stars,https://www.themilkyway.co.uk/rides-attractions/ninja-stars,"The Milky Way Adventure Park - Higher Clovelly, Bideford, North Devon, EX39 5RY",https://www.themilkyway.co.uk/rides-attractions/ninja-stars
Ninja TAG Swansea,https://www.superbowluk.co.uk/swansea/ninja-tag-active/,"Unit 2, York Street The City Gates Swansea SA1 3LZ. UK",https://www.superbowluk.co.uk/swansea/ninja-tag-active/
Jump One,https://jump-one.nl/ninja-tag/,"Salomeschouw 154, 2726 JX Zoetermeer, Netherlands. NL",https://jump-one.nl/ninja-tag/
Jumphouse Koln,https://www.jumphouse.de/koeln/ninja-race-arena/,"Köhlstraße 10, 50827 Köln, Germany",https://www.jumphouse.de/koeln/ninja-race-arena/
Launch Warwick,https://launchtrampolinepark.com/warwick/,"920 Bald Hill Road Warwick, RI 02886. USA",https://launchtrampolinepark.com/warwick/
Seven Squares,https://www.sevensquares.fr/activite/tag-active/,"2 rue Ferrer, Centre Commercial STEEL 42000 Saint-Étienne, France",https://www.sevensquares.fr/activite/tag-active/
Ninja TAG Ipswich,https://www.superbowluk.co.uk/ipswich/ninja-tag-active/,Buttermarket Centre St Stephens Lane Ipswich IP1 1DT,https://www.superbowluk.co.uk/ipswich/ninja-tag-active/
Adventure Valley,https://www.adventure-valley.be/le-parc/activites/fast-tag,"RUE DE ROME 1, 6940 DURBUY. BE",https://www.adventure-valley.be/le-parc/activites/fast-tag
Challenge Zone,https://compassentertainmentcomplex.com/attractions/challenge-zone/,"100 Entertainment Drive, Irvington, VA 22480. USA",https://compassentertainmentcomplex.com/attractions/challenge-zone/
Launch Dawsonville,https://launchtrampolinepark.com/dawsonville/,"78 Dawson Village Way N Suite 110 Dawsonville, GA 30534. USA",https://launchtrampolinepark.com/dawsonville/
Ninja TAG CA,http://ninjatag.ca/,"1-1300 Woolridge St, Coquitlam, BC V3K 6Y6, Canada",http://ninjatag.ca/
